loss,binary_accuracy,precision,auc,recall,true_negatives,false_positives,false_negatives,true_positives,f1
0.5580915212631226,0.7272727489471436,0.7440476417541504,0.7369544506072998,0.9191176295280457,19.0,43.0,11.0,125.0,0.8223684279046886
