loss,binary_accuracy,precision,auc,recall,true_negatives,false_positives,false_negatives,true_positives,f1
0.6639399528503418,0.6281406879425049,0.6324324607849121,0.5619918704032898,0.9512194991111755,8.0,68.0,6.0,117.0,0.7597402760249738
