loss,binary_accuracy,precision,auc,recall,true_negatives,false_positives,false_negatives,true_positives,f1
0.44664493203163147,0.8181818127632141,0.8048780560493469,0.8061550855636597,0.970588207244873,30.0,32.0,4.0,132.0,0.8799999928156532
