loss,binary_accuracy,precision,auc,recall,true_negatives,false_positives,false_negatives,true_positives,f1
0.6790913939476013,0.6536585092544556,0.6482412219047546,0.6472820043563843,0.9923076629638672,5.0,70.0,1.0,129.0,0.7841945313280461
