loss,binary_accuracy,precision,auc,recall,true_negatives,false_positives,false_negatives,true_positives,f1
0.5241080522537231,0.7070707082748413,0.7191011309623718,0.772473931312561,0.9411764740943909,12.0,50.0,8.0,128.0,0.815286630253999
