loss,binary_accuracy,precision,auc,recall,true_negatives,false_positives,false_negatives,true_positives,f1
0.2633771002292633,0.93034827709198,0.93034827709198,0.6245225667953491,1.0,0.0,14.0,0.0,187.0,0.9639175356413152
