loss,binary_accuracy,precision,auc,recall,true_negatives,false_positives,false_negatives,true_positives,f1
0.5821226239204407,0.7386934757232666,0.7177914381027222,0.6998823285102844,0.9512194991111755,30.0,46.0,6.0,117.0,0.8181818309209296
