loss,binary_accuracy,precision,auc,recall,true_negatives,false_positives,false_negatives,true_positives,f1
0.6624361872673035,0.6281406879425049,0.6296296119689941,0.553059458732605,0.9674796462059021,6.0,70.0,4.0,119.0,0.7628204909720894
