loss,binary_accuracy,precision,auc,recall,true_negatives,false_positives,false_negatives,true_positives,f1
0.5428764224052429,0.724103569984436,0.7261785268783569,0.7008704543113708,0.9945054650306702,3.0,273.0,4.0,724.0,0.8394202735241458
