loss,binary_accuracy,precision,auc,recall,true_negatives,false_positives,false_negatives,true_positives,f1
0.48984241485595703,0.7979797720909119,0.8116883039474487,0.7757352590560913,0.9191176295280457,33.0,29.0,11.0,125.0,0.8620689534403906
