loss,binary_accuracy,precision,auc,recall,true_negatives,false_positives,false_negatives,true_positives,f1
0.593317985534668,0.7286432385444641,0.7041420340538025,0.6862430572509766,0.9674796462059021,26.0,50.0,4.0,119.0,0.8150684978903104
