loss,binary_accuracy,precision,auc,recall,true_negatives,false_positives,false_negatives,true_positives,f1
0.25897496938705444,0.93034827709198,0.93034827709198,0.5569136738777161,1.0,0.0,14.0,0.0,187.0,0.9639175356413152
