loss,binary_accuracy,precision,auc,recall,true_negatives,false_positives,false_negatives,true_positives,f1
0.5219142436981201,0.7430278658866882,0.8549848794937134,0.7796896696090698,0.7774725556373596,180.0,96.0,162.0,566.0,0.8143884979615473
