loss,binary_accuracy,precision,auc,recall,true_negatives,false_positives,false_negatives,true_positives,f1
0.434817910194397,0.8195121884346008,0.800000011920929,0.8461025357246399,0.9538461565971375,44.0,31.0,6.0,124.0,0.8701754467932764
