loss,binary_accuracy,precision,auc,recall,true_negatives,false_positives,false_negatives,true_positives,f1
0.36981508135795593,0.8585657477378845,0.8521634340286255,0.8662083148956299,0.973901093006134,153.0,123.0,19.0,709.0,0.9089743407567341
