loss,binary_accuracy,precision,auc,recall,true_negatives,false_positives,false_negatives,true_positives,f1
0.4329254627227783,0.8195121884346008,0.8297872543334961,0.852102518081665,0.8999999761581421,51.0,24.0,13.0,117.0,0.8634686346993319
