loss,binary_accuracy,precision,auc,recall,true_negatives,false_positives,false_negatives,true_positives,f1
0.11094130575656891,0.9751243591308594,0.9681528806686401,0.9697905778884888,1.0,44.0,5.0,0.0,152.0,0.983818777675167
