loss,binary_accuracy,precision,auc,recall,true_negatives,false_positives,false_negatives,true_positives,f1
0.5374436378479004,0.7611940503120422,0.7599999904632568,0.6557465195655823,1.0,1.0,48.0,0.0,152.0,0.863636357478859
