loss,binary_accuracy,precision,auc,recall,true_negatives,false_positives,false_negatives,true_positives,f1
0.5371025800704956,0.7290836572647095,0.7355371713638306,0.6986308693885803,0.9780219793319702,20.0,256.0,16.0,712.0,0.8396226297964527
