loss,binary_accuracy,precision,auc,recall,true_negatives,false_positives,false_negatives,true_positives,f1
0.5100099444389343,0.7562189102172852,0.7754010558128357,0.7445623278617859,0.9539473652839661,7.0,42.0,7.0,145.0,0.8554572175362171
