loss,binary_accuracy,precision,auc,recall,true_negatives,false_positives,false_negatives,true_positives,f1
0.5767372250556946,0.7286432385444641,0.7142857313156128,0.6960312128067017,0.934959352016449,30.0,46.0,8.0,115.0,0.8098591667845877
